5 ,1
2 ,2
1 ,3
13,4
3 ,5
8 ,6
13,7
2 ,8
17,9
1 ,10
8 ,11
2 ,12
6 ,13
18,13
4 ,15
18,15
6 ,17
17,18
11,19
7 ,20
1 ,21
18,21
10,23
8 ,24
5 ,25
1 ,26
15,27
13,28
15,29
3 ,30
11,31
18,32
3 ,33
11,34
2 ,35
11,36
3 ,37
10,38
9 ,39
9 ,40
2 ,41
17,42
6 ,43
9 ,44
6 ,45
6 ,46
18,46
3 ,48
15,49
1 ,50
7 ,51
5 ,52
8 ,53
5 ,54
16,55
4 ,56
10,57
8 ,58
9 ,59
2 ,60
4 ,61
7 ,61
9 ,62
9 ,63
9 ,64
5 ,65
9 ,66
11,67
4 ,68
18,69
1 ,70
5 ,71
6 ,72
3 ,73
13,74
8 ,75
4 ,76
10,77
8 ,78
2 ,79
18,79
2 ,81
3 ,82
1 ,83
3 ,83
16,83
8 ,84
10,85
10,86
8 ,87
3 ,88
2 ,89
11,90
3 ,91
8 ,92
9 ,93
11,94
5 ,95
4 ,96
5 ,97
14,97
18,98
7 ,99
13,100
11,101
9 ,102
5 ,103
17,104
8 ,105
9 ,106
6 ,106
3 ,107
11,108
1 ,109
6 ,110
10,111
18,111
5 ,113
15,114
4 ,115
9 ,116
18,117
11,118
2 ,119
15,120
2 ,121
9 ,122
1 ,123
16,123
2 ,124
11,125
11,126
18,127
5 ,128
17,129
18,130
8 ,131
9 ,132
8 ,133
1 ,134
7 ,135
3 ,136
1 ,137
1 ,138
11,139
7 ,140
1 ,141
13,142
15,142
7 ,143
1 ,144
7 ,145
8 ,146
5 ,147
6 ,148
7 ,149
11,150
2 ,151
15,152
2 ,153
5 ,154
13,155
5 ,156
3 ,157
10,158
13,159
6 ,160
1 ,161
1 ,162
3 ,163
4 ,164
5 ,165
9 ,166
1 ,167
11,168
10,169
1 ,170
4 ,171
1 ,172
13,173
1 ,174
18,175
7 ,176
13,177
7 ,178
11,179
1 ,180
11,181
5 ,182
11,183
6 ,184
9 ,185
6 ,186
17,187
7 ,188
4 ,189
10,190
7 ,191
14,192
9 ,193
1 ,194
6 ,195
3 ,196
2 ,197
7 ,198
1 ,199
11,200
1 ,201
11,202
3 ,203
2 ,204
6 ,205
9 ,206
10,207
18,208
8 ,209
8 ,210
1 ,211
7 ,212
7 ,213
1 ,214
7 ,215
1 ,216
1 ,217
4 ,218
4 ,219
7 ,220
1 ,221
15,222
7 ,223
4 ,224
7 ,225
7 ,226
12,227
1 ,228
10,228
7 ,228
1 ,229
1 ,230
3 ,231
8 ,232
15,233
6 ,234
16,235
3 ,236
7 ,237
1 ,238
6 ,239
7 ,240
1 ,241
11,242
3 ,243
1 ,244
3 ,245
17,246
4 ,247
1 ,248
7 ,248
2 ,249
1 ,250
1 ,251
13,252
2 ,253
4 ,254
6 ,255
3 ,256
15,257
11,258
2 ,259
9 ,260
18,261
5 ,262
10,263
4 ,263
2 ,264
14,265
2 ,266
1 ,267
1 ,268
2 ,269
2 ,270
2 ,271
11,272
4 ,273
3 ,274
11,275
10,276
3 ,277
9 ,278
7 ,279
12,280
7 ,281
4 ,282
2 ,283
3 ,284
1 ,285
1 ,286
16,287
7 ,288
7 ,289
1 ,290
10,291
4 ,292
11,293
14,294
13,295
11,296
13,297
18,298
9 ,299
1 ,300
6 ,301
9 ,302
2 ,303
5 ,304
6 ,305
6 ,306
2 ,307
14,308
2 ,309
4 ,310
14,311
10,312
16,313
1 ,314
12,315
8 ,316
2 ,317
6 ,318
1 ,319
11,320
11,321
6 ,322
6 ,323
11,324
18,325
9 ,326
7 ,327
6 ,328
7 ,329
1 ,330
9 ,331
1 ,332
10,333
1 ,334
17,335
7 ,336
9 ,337
3 ,338
9 ,339
7 ,340
18,341
3 ,342
11,343
7 ,344
13,345
4 ,346
8 ,347
16,348
3 ,349
8 ,350
3 ,351
9 ,352
15,353
14,354
6 ,355
1 ,356
5 ,357
4 ,358
2 ,359
9 ,360
7 ,361
13,362
10,363
10,364
5 ,365
14,366
9 ,367
6 ,368
1 ,369
3 ,369
4 ,370
15,371
13,372
13,373
6 ,374
7 ,375
8 ,376
6 ,377
8 ,378
8 ,379
17,380
1 ,381
7 ,382
11,383
2 ,384
9 ,385
2 ,386
11,387
18,388
11,389
18,390
8 ,391
8 ,392
11,393
18,394
12,395
11,396
15,397
3 ,398
12,399
15,400
11,401
1 ,402
8 ,403
6 ,404
11,405
11,406
9 ,407
7 ,408
4 ,409
7 ,410
8 ,411
10,412
7 ,413
1 ,414
3 ,415
14,416
7 ,417
2 ,418
9 ,419
8 ,420
7 ,421
7 ,422
16,423
9 ,424
18,425
13,426
6 ,427
15,428
2 ,429
5 ,430
12,431
5 ,432
11,433
6 ,434
16,435
14,436
1 ,437
5 ,438
14,438
18,439
3 ,440
1 ,441
11,442
7 ,443
4 ,444
12,445
11,446
2 ,447
1 ,448
9 ,449
16,450
10,451
2 ,452
8 ,453
18,454
4 ,455
1 ,456
13,457
1 ,458
12,459
18,460
9 ,461
9 ,462
8 ,463
11,464
18,465
11,466
7 ,467
18,468
18,469
9 ,470
17,471
11,472
15,473
17,474
6 ,475
2 ,476
8 ,477
12,478
7 ,479
1 ,480
1 ,481
18,482
6 ,483
1 ,484
2 ,485
1 ,486
3 ,487
17,488
2 ,489
8 ,490
15,491
1 ,492
4 ,493
14,493
12,494
1 ,495
5 ,496
7 ,497
7 ,498
11,499
18,500
11,501
2 ,502
1 ,503
2 ,504
3 ,505
11,506
2 ,507
11,508
11,509
6 ,510
11,511
6 ,512
1 ,513
14,514
1 ,515
13,516
9 ,517
7 ,518
16,519
7 ,520
1 ,521
15,522
6 ,523
11,524
18,525
11,526
15,527
9 ,528
5 ,529
11,530
7 ,531
11,532
9 ,533
11,534
11,535
16,536
15,537
11,538
9 ,539
10,540
5 ,541
18,542
10,543
7 ,543
6 ,544
11,545
13,546
1 ,547
17,548
6 ,549
9 ,550
10,551
9 ,552
5 ,553
9 ,554
3 ,555
4 ,556
2 ,557
2 ,558
17,558
13,559
4 ,560
7 ,560
6 ,561
1 ,562
1 ,563
2 ,564
6 ,565
1 ,566
18,567
3 ,568
11,569
3 ,570
11,571
6 ,572
7 ,573
18,574
16,575
1 ,576
11,577
11,578
10,579
3 ,580
2 ,581
15,582
17,583
11,584
2 ,585
9 ,586
11,587
15,588
6 ,589
7 ,590
18,591
7 ,592
18,593
3 ,594
2 ,595
9 ,596
9 ,597
1 ,598
6 ,599
11,600
18,601
6 ,602
15,603
18,604
11,605
8 ,606
18,607
1 ,608
9 ,609
4 ,610
13,611
11,612
14,613
1 ,614
9 ,615
15,616
4 ,617
9 ,618
8 ,619
1 ,620
18,621
15,622
3 ,623
9 ,624
6 ,625
6 ,626
6 ,627
8 ,628
5 ,629
8 ,630
7 ,631
9 ,632
9 ,633
14,634
2 ,635
1 ,636
3 ,637
1 ,638
1 ,639
11,640
18,641
11,642
11,643
3 ,644
3 ,645
6 ,646
1 ,647
15,648
18,649
2 ,650
3 ,651
2 ,652
18,653
17,654
12,655
9 ,656
9 ,657
1 ,658
7 ,659
9 ,660
14,661
2 ,662
3 ,663
17,664
15,665
3 ,666
16,667
6 ,668
14,669
18,670
9 ,671
11,672
11,673
1 ,674
11,675
9 ,676
11,677
5 ,678
11,679
5 ,680
2 ,681
13,682
1 ,683
11,684
16,685
11,686
3 ,687
15,687
9 ,688
15,689
18,690
1 ,691
7 ,691
1 ,692
1 ,693
13,694
7 ,695
6 ,696
13,697
11,698
7 ,699
17,700
8 ,701
3 ,702
2 ,703
1 ,704
10,705
8 ,706
4 ,706
11,707
9 ,708
4 ,709
15,710
3 ,711
9 ,712
10,713
14,714
8 ,715
17,716
12,717
3 ,718
11,719
1 ,720
9 ,721
9 ,722
5 ,723
18,724
4 ,725
15,726
18,727
1 ,728
6 ,729
10,730
15,731
4 ,732
18,733
11,734
1 ,735
7 ,736
5 ,737
9 ,738
5 ,739
5 ,740
10,741
9 ,742
2 ,743
11,744
12,745
2 ,746
4 ,747
3 ,748
7 ,749
7 ,750
13,751
11,752
2 ,753
7 ,754
1 ,755
18,756
5 ,757
12,758
18,759
2 ,760
7 ,761
8 ,762
2 ,763
7 ,764
15,765
7 ,766
9 ,767
3 ,768
14,769
3 ,770
15,771
4 ,772
11,773
9 ,774
3 ,775
11,776
11,777
9 ,778
6 ,779
5 ,780
8 ,781
8 ,782
9 ,783
2 ,784
9 ,785
18,786
2 ,787
6 ,788
18,789
10,790
9 ,791
7 ,792
18,793
4 ,794
15,795
9 ,796
4 ,797
1 ,798
7 ,799
7 ,800
11,801
1 ,802
4 ,803
9 ,804
10,805
7 ,806
18,807
10,808
16,809
4 ,810
2 ,811
8 ,812
8 ,813
4 ,814
2 ,815
15,816
17,817
7 ,818
1 ,819
3 ,819
1 ,820
14,821
18,822
9 ,823
1 ,824
2 ,825
1 ,826
6 ,827
1 ,828
6 ,829
9 ,830
8 ,831
8 ,832
10,833
5 ,834
16,835
8 ,836
7 ,837
18,838
17,839
1 ,840
11,841
7 ,842
6 ,843
10,844
7 ,845
2 ,846
6 ,847
16,848
2 ,849
10,850
11,851
17,852
8 ,853
9 ,854
14,855
11,856
11,857
9 ,858
9 ,859
9 ,860
15,861
3 ,862
14,863
1 ,864
11,865
10,866
3 ,867
7 ,868
15,869
8 ,870
13,871
2 ,872
7 ,873
14,874
15,875
9 ,876
2 ,877
15,878
15,879
11,880
3 ,881
10,882
3 ,883
9 ,884
5 ,885
11,886
2 ,887
18,888
7 ,889
11,890
1 ,891
18,892
1 ,893
17,894
15,895
9 ,896
3 ,897
11,898
14,899
9 ,900
9 ,901
14,902
15,903
9 ,904
8 ,905
7 ,906
6 ,907
2 ,908
2 ,909
7 ,910
6 ,911
8 ,912
4 ,912
1 ,913
1 ,914
4 ,915
15,916
11,917
17,918
9 ,919
11,920
11,921
13,922
11,923
7 ,924
5 ,925
4 ,926
7 ,926
18,927
11,928
14,929
3 ,930
9 ,931
5 ,932
6 ,933
18,934
17,935
17,936
5 ,937
17,938
11,939
11,940
11,941
4 ,942
7 ,942
18,943
9 ,944
9 ,945
18,946
15,947
9 ,948
5 ,949
15,950
3 ,951
3 ,952
8 ,953
15,953
6 ,954
8 ,955
9 ,956
6 ,956
11,957
1 ,958
2 ,959
8 ,960
14,961
3 ,962
9 ,963
4 ,964
14,964
7 ,965
3 ,966
3 ,967
4 ,968
4 ,969
7 ,969
9 ,970
8 ,971
7 ,972
1 ,973
2 ,974
15,975
5 ,976
5 ,977
7 ,978
9 ,979
9 ,980
5 ,981
9 ,982
17,983
4 ,984
2 ,985
5 ,986
1 ,987
16,988
6 ,989
11,990
8 ,991
7 ,992
18,993
15,994
11,995
13,996
1 ,997
4 ,998
13,999
1 ,1000
9 ,1001
3 ,1002
6 ,1003
9 ,1004
13,1005
3 ,1006
5 ,1007
15,1008
6 ,1009
14,1010
14,1011
6 ,1012
17,1013
2 ,1014
6 ,1015
10,1016
1 ,1017
7 ,1018
14,1019
10,1020
11,1021
2 ,1022
1 ,1023
10,1024
7 ,1024
15,1025
2 ,1026
10,1027
6 ,1028
11,1029
18,1030
11,1031
17,1032
1 ,1033
17,1034
17,1035
15,1036
3 ,1037
2 ,1038
9 ,1039
9 ,1040
15,1041
9 ,1042
11,1043
11,1044
12,1045
7 ,1046
18,1047
7 ,1048
7 ,1049
7 ,1050
7 ,1051
15,1052
12,1053
7 ,1054
5 ,1055
9 ,1056
18,1057
4 ,1058
14,1059
9 ,1060
5 ,1061
8 ,1062
1 ,1063
3 ,1063
9 ,1064
7 ,1065
7 ,1066
2 ,1067
7 ,1068
3 ,1069
18,1070
15,1071
7 ,1072
18,1072
1 ,1074
11,1075
7 ,1076
11,1077
11,1078
17,1079
2 ,1080
5 ,1081
11,1082
1 ,1083
5 ,1084
11,1085
2 ,1086
7 ,1087
8 ,1088
1 ,1089
7 ,1089
9 ,1090
5 ,1091
3 ,1092
6 ,1093
11,1094
18,1095
15,1096
2 ,1097
8 ,1098
5 ,1099
3 ,1100
7 ,1101
7 ,1102
3 ,1103
1 ,1104
1 ,1105
7 ,1106
4 ,1107
11,1108
2 ,1109
3 ,1110
11,1111
2 ,1112
17,1113
14,1114
3 ,1115
18,1116
5 ,1117
14,1117
3 ,1118
16,1118
11,1119
8 ,1120
9 ,1121
1 ,1122
5 ,1123
14,1123
12,1124
7 ,1124
2 ,1125
6 ,1126
2 ,1127
17,1128
2 ,1129
10,1130
9 ,1131
9 ,1132
15,1133
9 ,1134
11,1135
9 ,1136
14,1137
12,1138
6 ,1139
9 ,1140
3 ,1141
7 ,1142
15,1143
4 ,1144
6 ,1145
15,1146
7 ,1147
4 ,1148
17,1149
11,1150
13,1151
17,1152
1 ,1153
3 ,1154
16,1155
6 ,1156
1 ,1157
8 ,1158
9 ,1159
4 ,1160
1 ,1161
9 ,1162
16,1163
11,1164
6 ,1165
15,1166
10,1167
15,1168
9 ,1169
6 ,1169
3 ,1170
1 ,1171
14,1172
5 ,1173
18,1174
9 ,1175
15,1176
2 ,1177
18,1178
3 ,1179
15,1180
6 ,1181
4 ,1182
5 ,1183
2 ,1184
1 ,1185
1 ,1186
18,1187
11,1188
5 ,1189
1 ,1190
11,1191
3 ,1192
14,1193
5 ,1194
4 ,1195
12,1196
18,1197
6 ,1198
9 ,1199
6 ,1200
14,1201
1 ,1202
8 ,1203
5 ,1204
14,1205
7 ,1206
17,1207
5 ,1208
1 ,1209
16,1209
11,1210
1 ,1211
10,1212
3 ,1213
2 ,1214
15,1215
6 ,1216
11,1217
4 ,1218
1 ,1219
6 ,1220
1 ,1221
18,1222
9 ,1223
1 ,1224
5 ,1225
1 ,1226
6 ,1227
9 ,1228
11,1229
4 ,1230
8 ,1231
4 ,1231
17,1232
18,1233
13,1234
10,1235
7 ,1236
1 ,1237
7 ,1238
16,1239
18,1240
1 ,1241
4 ,1242
7 ,1243
13,1244
18,1245
12,1246
7 ,1247
18,1248
1 ,1249
18,1250
5 ,1251
16,1252
17,1253
1 ,1254
2 ,1255
2 ,1256
4 ,1257
5 ,1258
11,1259
6 ,1260
13,1261
5 ,1262
2 ,1263
5 ,1264
8 ,1265
12,1266
4 ,1267
7 ,1268
6 ,1269
16,1270
12,1271
2 ,1272
12,1273
5 ,1274
8 ,1275
10,1276
1 ,1277
10,1278
3 ,1279
11,1280
9 ,1281
11,1282
14,1283
1 ,1284
1 ,1285
1 ,1286
1 ,1287
11,1288
2 ,1289
15,1290
9 ,1291
3 ,1292
1 ,1293
10,1294
17,1295
18,1296
4 ,1297
7 ,1297
7 ,1298
9 ,1299
7 ,1300
3 ,1301
16,1302
2 ,1303
6 ,1304
11,1305
9 ,1306
6 ,1307
3 ,1308
3 ,1309
14,1310
14,1311
17,1312
6 ,1312
16,1313
1 ,1314
5 ,1315
14,1315
1 ,1316
3 ,1317
11,1318
11,1319
9 ,1320
11,1321
5 ,1322
11,1323
12,1324
11,1325
6 ,1326
10,1327
1 ,1328
14,1329
3 ,1330
10,1331
11,1332
12,1333
7 ,1334
13,1335
17,1336
14,1337
3 ,1338
6 ,1339
18,1340
15,1341
16,1342
11,1343
6 ,1344
9 ,1345
1 ,1346
14,1347
13,1348
13,1349
13,1350
13,1351
9 ,1352
11,1353
5 ,1354
3 ,1355
16,1356
16,1357
16,1358
16,1359
11,1360
5 ,1361
11,1362
8 ,1363
2 ,1364
11,1365
18,1366
5 ,1367
6 ,1368
8 ,1369
4 ,1370
15,1371
7 ,1372
18,1373
15,1374
3 ,1375
16,1376
5 ,1377
6 ,1378
7 ,1379
10,1380
2 ,1381
1 ,1382
3 ,1383
11,1384
7 ,1385
7 ,1386
5 ,1387
2 ,1388
6 ,1389
11,1390
16,1391
14,1392
7 ,1393
4 ,1394
4 ,1395
10,1396
8 ,1397
1 ,1398
9 ,1399
11,1400
5 ,1401
1 ,1402
9 ,1403
16,1404
15,1405
18,1406
6 ,1407
15,1408
1 ,1409
3 ,1410
1 ,1411
18,1412
7 ,1413
2 ,1414
11,1415
9 ,1416
1 ,1417
17,1418
15,1419
3 ,1420
1 ,1421
5 ,1422
3 ,1423
2 ,1424
7 ,1425
9 ,1426
9 ,1427
1 ,1428
1 ,1429
15,1430
17,1431
12,1432
9 ,1433
9 ,1434
14,1435
12,1436
6 ,1437
7 ,1438
2 ,1439
6 ,1440
18,1441
1 ,1442
18,1443
8 ,1444
8 ,1445
18,1446
3 ,1447
1 ,1448
1 ,1449
14,1450
11,1451
17,1452
11,1453
6 ,1454
11,1455
9 ,1456
16,1457
11,1458
11,1459
13,1460
12,1461
1 ,1462
12,1463
11,1464
18,1464
3 ,1465
11,1466
9 ,1467
15,1468
17,1469
18,1470
11,1471
14,1472
15,1473
4 ,1474
2 ,1475
11,1476
1 ,1477
15,1478
5 ,1479
4 ,1480
4 ,1481
7 ,1481
18,1482
16,1483
2 ,1484
6 ,1485
15,1486
15,1487
10,1488
7 ,1489
11,1490
11,1491
6 ,1492
3 ,1493
15,1494
2 ,1495
11,1496
16,1497
7 ,1498
2 ,1499
6 ,1500
3 ,1501
9 ,1502
18,1503
5 ,1504
10,1505
1 ,1506
9 ,1507
12,1508
3 ,1509
11,1510
7 ,1511
18,1512
14,1513
11,1514
17,1515
18,1516
3 ,1517
3 ,1518
11,1519
1 ,1520
14,1521
1 ,1522
18,1523
3 ,1524
18,1525
1 ,1526
17,1527
7 ,1528
7 ,1529
7 ,1530
1 ,1531
1 ,1532
3 ,1533
17,1534
1 ,1535
11,1536
6 ,1537
14,1538
9 ,1539
11,1540
3 ,1541
10,1542
13,1542
4 ,1542
15,1542
7 ,1542
17,1543
3 ,1544
13,1545
9 ,1546
10,1547
18,1548
6 ,1549
7 ,1550
7 ,1551
14,1551
3 ,1552
1 ,1553
11,1554
7 ,1555
8 ,1556
18,1557
3 ,1558
3 ,1559
9 ,1560
11,1561
9 ,1562
1 ,1563
18,1564
1 ,1565
11,1566
2 ,1567
10,1568
5 ,1569
8 ,1570
6 ,1571
6 ,1572
2 ,1573
2 ,1574
11,1575
6 ,1576
11,1577
6 ,1578
4 ,1579
9 ,1580
1 ,1581
15,1582
18,1583
3 ,1584
3 ,1585
5 ,1586
9 ,1587
17,1588
4 ,1589
11,1590
1 ,1591
9 ,1592
13,1593
11,1594
7 ,1595
8 ,1596
11,1597
17,1598
3 ,1599
9 ,1600
7 ,1601
3 ,1602
13,1603
11,1604
3 ,1605
2 ,1606
6 ,1607
5 ,1608
1 ,1609
9 ,1610
2 ,1611
17,1612
11,1613
18,1614
5 ,1615
11,1616
9 ,1617
10,1618
8 ,1619
5 ,1620
1 ,1621
2 ,1622
17,1623
5 ,1624
11,1625
18,1626
12,1627
12,1628
18,1629
7 ,1630
11,1631
9 ,1632
2 ,1633
8 ,1634
5 ,1634
18,1635
9 ,1636
2 ,1637
6 ,1638
3 ,1639
14,1640
7 ,1641
17,1642
2 ,1643
3 ,1644
17,1645
17,1646
7 ,1647
4 ,1648
7 ,1649
8 ,1650
7 ,1651
15,1652
2 ,1653
1 ,1654
3 ,1655
6 ,1656
6 ,1657
17,1658
4 ,1659
1 ,1660
3 ,1661
7 ,1662
6 ,1663
3 ,1664
9 ,1665
1 ,1666
4 ,1667
17,1668
7 ,1669
11,1670
14,1671
5 ,1672
7 ,1673
1 ,1674
8 ,1675
9 ,1676
11,1677
16,1678
1 ,1679
5 ,1680
5 ,1681
1 ,1682
5 ,1683
18,1684
4 ,1685
10,1686
11,1687
9 ,1688
18,1689
8 ,1690
1 ,1691
6 ,1692
15,1693
1 ,1694
3 ,1695
17,1696
2 ,1697
1 ,1698
7 ,1699
2 ,1700
9 ,1701
12,1702
9 ,1703
8 ,1704
16,1705
13,1706
13,1707
13,1708
15,1709
1 ,1710
18,1711
8 ,1712
9 ,1713
3 ,1714
3 ,1715
1 ,1716
11,1717
1 ,1718
11,1719
1 ,1720
14,1721
9 ,1722
9 ,1723
13,1724
4 ,1725
3 ,1726
9 ,1727
8 ,1728
11,1729
9 ,1730
12,1731
9 ,1732
2 ,1733
2 ,1734
3 ,1735
12,1736
6 ,1736
1 ,1737
5 ,1738
3 ,1739
1 ,1740
8 ,1741
9 ,1742
16,1743
13,1744
12,1745
7 ,1746
18,1747
15,1748
6 ,1749
2 ,1750
2 ,1751
2 ,1752
8 ,1753
7 ,1754
11,1755
5 ,1756
6 ,1757
3 ,1758
1 ,1759
9 ,1760
17,1761
5 ,1762
4 ,1763
5 ,1764
8 ,1765
9 ,1766
8 ,1767
6 ,1768
5 ,1769
6 ,1770
15,1771
11,1772
18,1773
16,1774
11,1775
1 ,1776
7 ,1776
18,1777
4 ,1778
3 ,1779
8 ,1780
5 ,1781
6 ,1782
1 ,1783
3 ,1783
14,1784
11,1785
7 ,1786
12,1787
15,1788
9 ,1789
17,1790
1 ,1791
11,1792
14,1793
9 ,1794
6 ,1795
9 ,1796
2 ,1797
9 ,1798
11,1799
3 ,1800
1 ,1801
3 ,1802
5 ,1803
18,1804
14,1805
11,1806
8 ,1807
11,1808
7 ,1809
3 ,1810
14,1811
2 ,1812
3 ,1813
16,1813
6 ,1814
1 ,1815
11,1816
3 ,1817
3 ,1818
1 ,1819
16,1820
6 ,1821
4 ,1822
5 ,1823
14,1823
18,1824
3 ,1825
6 ,1826
15,1827
13,1828
4 ,1829
15,1830
5 ,1831
9 ,1832
8 ,1833
7 ,1834
1 ,1835
17,1836
10,1837
6 ,1838
17,1839
11,1840
1 ,1841
16,1842
17,1843
9 ,1844
1 ,1845
3 ,1845
8 ,1846
2 ,1847
13,1848
14,1849
2 ,1850
1 ,1851
13,1852
8 ,1853
18,1854
3 ,1855
3 ,1856
9 ,1857
6 ,1858
1 ,1859
15,1860
5 ,1861
6 ,1862
17,1863
13,1864
12,1865
7 ,1866
11,1867
7 ,1868
18,1869
13,1870
1 ,1871
1 ,1872
7 ,1873
7 ,1874
9 ,1875
8 ,1876
9 ,1877
18,1878
7 ,1879
17,1880
3 ,1881
8 ,1882
3 ,1883
7 ,1884
18,1885
9 ,1886
10,1887
11,1888
2 ,1889
16,1890
18,1891
4 ,1892
1 ,1893
2 ,1894
17,1895
2 ,1896
8 ,1897
17,1898
11,1898
3 ,1899
13,1900
1 ,1901
10,1902
3 ,1903
12,1904
6 ,1905
11,1906
1 ,1907
11,1908
2 ,1909
18,1910
10,1911
1 ,1912
6 ,1913
6 ,1914
11,1915
16,1916
11,1917
15,1918
12,1919
9 ,1920
11,1921
14,1922
11,1923
8 ,1924
3 ,1925
18,1925
16,1927
1 ,1928
1 ,1929
11,1930
6 ,1931
11,1932
4 ,1933
1 ,1934
10,1935
7 ,1935
9 ,1936
5 ,1937
6 ,1938
7 ,1939
18,1940
6 ,1941
9 ,1942
13,1943
18,1944
11,1945
2 ,1946
4 ,1947
12,1948
15,1949
3 ,1950
9 ,1951
6 ,1952
11,1953
12,1954
12,1955
7 ,1956
18,1957
2 ,1958
4 ,1959
14,1960
15,1961
8 ,1962
1 ,1963
7 ,1964
7 ,1965
3 ,1966
14,1967
7 ,1968
11,1969
3 ,1970
6 ,1971
3 ,1972
8 ,1973
14,1974
15,1975
15,1976
7 ,1977
6 ,1978
17,1979
15,1980
1 ,1981
18,1982
6 ,1983
7 ,1984
14,1985
3 ,1986
6 ,1987
11,1988
1 ,1989
3 ,1990
8 ,1991
15,1991
18,1992
6 ,1993
1 ,1994
13,1995
11,1996
14,1997
7 ,1998
16,1999
2 ,2000
11,2000
3 ,2001
4 ,2002
7 ,2003
17,2004
4 ,2005
9 ,2006
11,2007
18,2008
9 ,2009
10,2010
11,2011
6 ,2012
5 ,2013
12,2014
6 ,2015
11,2016
11,2017
16,2018
16,2019
7 ,2020
2 ,2021
13,2022
5 ,2023
16,2024
13,2025
15,2026
18,2027
1 ,2028
7 ,2029
7 ,2030
11,2031
11,2032
2 ,2033
11,2034
18,2035
8 ,2036
4 ,2037
1 ,2038
2 ,2039
6 ,2040
2 ,2041
4 ,2042
8 ,2043
18,2044
7 ,2045
3 ,2046
6 ,2047
6 ,2048
10,2049
18,2050
7 ,2051
10,2052
6 ,2053
8 ,2054
7 ,2055
4 ,2056
9 ,2057
1 ,2058
7 ,2059
5 ,2060
7 ,2061
9 ,2062
8 ,2063
4 ,2064
10,2065
17,2066
6 ,2067
4 ,2068
5 ,2069
6 ,2070
8 ,2071
5 ,2071
1 ,2072
2 ,2073
16,2074
7 ,2075
18,2076
11,2077
6 ,2078
17,2079
1 ,2080
10,2081
9 ,2082
3 ,2083
5 ,2084
3 ,2085
11,2086
11,2087
3 ,2088
1 ,2089
9 ,2090
2 ,2091
8 ,2092
6 ,2093
3 ,2094
9 ,2095
1 ,2096
3 ,2097
1 ,2098
10,2099
3 ,2100
14,2101
3 ,2102
1 ,2103
6 ,2104
15,2105
7 ,2106
9 ,2107
2 ,2108
8 ,2109
4 ,2110
13,2111
2 ,2112
2 ,2113
2 ,2114
1 ,2115
18,2116
11,2117
11,2118
11,2119
9 ,2120
5 ,2121
10,2122
11,2123
16,2124
11,2125
3 ,2126
15,2127
17,2128
3 ,2129
13,2130
3 ,2131
3 ,2132
9 ,2133
1 ,2134
10,2135
9 ,2136
3 ,2137
8 ,2138
4 ,2139
15,2140
16,2141
2 ,2142
9 ,2143
11,2144
18,2145
16,2146
11,2147
8 ,2148
7 ,2149
11,2150
6 ,2151
15,2152
2 ,2153
14,2154
8 ,2155
8 ,2156
13,2157
8 ,2158
7 ,2159
5 ,2160
10,2161
14,2162
9 ,2163
3 ,2164
9 ,2165
1 ,2166
8 ,2167
7 ,2168
16,2169
4 ,2170
15,2171
16,2172
8 ,2173
9 ,2174
18,2175
1 ,2176
7 ,2177
13,2178
13,2179
13,2180
4 ,2181
5 ,2182
10,2183
5 ,2184
3 ,2185
18,2186
9 ,2187
11,2188
6 ,2189
9 ,2190
18,2191
12,2192
18,2193
3 ,2194
14,2195
9 ,2196
7 ,2197
1 ,2198
6 ,2199
6 ,2200
11,2201
15,2202
16,2203
12,2204
4 ,2205
5 ,2206
2 ,2207
17,2208
9 ,2209
9 ,2210
6 ,2211
9 ,2212
1 ,2213
8 ,2214
11,2215
11,2216
1 ,2217
11,2218
18,2219
5 ,2220
10,2221
12,2222
5 ,2223
13,2224
5 ,2225
11,2226
7 ,2227
18,2228
15,2229
2 ,2230
1 ,2231
3 ,2232
10,2233
17,2234
18,2235
14,2236
3 ,2237
6 ,2238
12,2239
5 ,2240
17,2241
12,2242
6 ,2242
7 ,2243
13,2244
18,2245
11,2246
6 ,2247
5 ,2248
18,2249
18,2250
7 ,2251
3 ,2252
2 ,2253
6 ,2254
2 ,2255
6 ,2256
1 ,2257
3 ,2258
11,2259
2 ,2260
7 ,2261
2 ,2262
5 ,2263
2 ,2264
18,2265
6 ,2266
1 ,2267
17,2268
2 ,2269
1 ,2270
9 ,2271
18,2272
2 ,2273
11,2274
11,2275
2 ,2276
2 ,2277
1 ,2278
5 ,2279
2 ,2280
4 ,2281
11,2282
11,2283
9 ,2284
7 ,2285
1 ,2286
6 ,2287
4 ,2288
3 ,2289
2 ,2290
4 ,2291
6 ,2292
8 ,2293
10,2294
1 ,2295
14,2296
6 ,2297
7 ,2298
11,2299
9 ,2300
6 ,2300
4 ,2301
6 ,2302
10,2303
3 ,2304
1 ,2305
18,2306
8 ,2307
18,2308
15,2309
9 ,2310
6 ,2311
11,2312
3 ,2313
6 ,2314
9 ,2315
9 ,2316
2 ,2317
7 ,2318
2 ,2319
7 ,2319
9 ,2320
9 ,2321
9 ,2322
3 ,2323
6 ,2324
9 ,2325
18,2326
10,2327
8 ,2328
15,2329
12,2330
6 ,2331
6 ,2332
16,2333
8 ,2334
5 ,2335
12,2336
9 ,2337
15,2338
9 ,2339
11,2340
1 ,2341
2 ,2342
16,2343
1 ,2344
11,2345
6 ,2346
4 ,2347
15,2348
1 ,2349
16,2349
9 ,2350
9 ,2351
3 ,2352
6 ,2353
12,2354
3 ,2355
15,2356
15,2357
2 ,2358
1 ,2359
2 ,2360
1 ,2361
11,2362
2 ,2363
17,2364
11,2365
1 ,2366
1 ,2367
9 ,2368
15,2369
11,2370
11,2371
18,2372
12,2373
7 ,2374
8 ,2375
5 ,2375
9 ,2376
1 ,2377
17,2378
1 ,2379
3 ,2380
17,2381
9 ,2382
5 ,2383
4 ,2384
13,2385
11,2386
18,2387
3 ,2388
18,2389
13,2390
18,2390
7 ,2392
4 ,2393
2 ,2394
11,2395
9 ,2396
9 ,2397
6 ,2398
18,2399
1 ,2400
7 ,2401
3 ,2402
2 ,2403
3 ,2404
5 ,2405
6 ,2406
18,2407
1 ,2408
6 ,2409
1 ,2410
11,2411
13,2412
13,2413
18,2414
3 ,2415
15,2416
1 ,2417
9 ,2418
11,2419
18,2420
12,2421
18,2422
7 ,2423
3 ,2424
4 ,2425
9 ,2426
9 ,2427
9 ,2428
9 ,2429
3 ,2430
9 ,2431
1 ,2432
1 ,2433
14,2434
9 ,2435
11,2436
9 ,2437
3 ,2438
1 ,2439
2 ,2440
9 ,2441
3 ,2442
1 ,2443
3 ,2444
9 ,2445
16,2446
9 ,2447
9 ,2448
11,2449
12,2450
16,2451
11,2452
11,2453
7 ,2454
7 ,2455
7 ,2456
16,2457
5 ,2458
14,2458
9 ,2459
13,2460
17,2461
8 ,2462
7 ,2463
12,2464
9 ,2465
18,2466
2 ,2467
2 ,2468
17,2468
11,2468
1 ,2469
7 ,2470
11,2471
3 ,2472
5 ,2473
1 ,2474
8 ,2475
4 ,2475
11,2476
9 ,2477
1 ,2478
11,2479
5 ,2480
17,2481
9 ,2482
10,2483
7 ,2484
3 ,2485
17,2486
7 ,2487
18,2488
15,2489
15,2490
7 ,2491
6 ,2492
6 ,2493
6 ,2494
14,2495
7 ,2496
18,2497
3 ,2498
9 ,2499
3 ,2500
10,2501
11,2502
3 ,2503
17,2504
6 ,2505
9 ,2506
2 ,2507
2 ,2508
13,2509
5 ,2510
18,2511
3 ,2512
1 ,2513
1 ,2514
8 ,2515
3 ,2516
1 ,2517
9 ,2518
1 ,2519
5 ,2520
2 ,2521
16,2522
10,2523
2 ,2524
2 ,2525
10,2526
8 ,2527
1 ,2528
11,2529
5 ,2530
13,2531
12,2532
15,2533
5 ,2534
14,2534
18,2534
7 ,2536
7 ,2537
10,2538
16,2539
4 ,2540
6 ,2541
8 ,2542
3 ,2543
11,2544
9 ,2545
14,2546
10,2547
1 ,2548
6 ,2549
13,2550
2 ,2551
2 ,2552
7 ,2553
11,2554
9 ,2555
9 ,2556
3 ,2557
3 ,2558
9 ,2559
2 ,2560
15,2561
15,2562
9 ,2563
15,2564
8 ,2565
4 ,2566
7 ,2566
18,2567
11,2568
1 ,2569
6 ,2570
11,2571
15,2572
11,2573
15,2574
2 ,2575
7 ,2576
9 ,2577
4 ,2578
9 ,2579
7 ,2580
17,2581
11,2582
9 ,2583
5 ,2584
2 ,2585
6 ,2586
9 ,2587
16,2588
4 ,2589
11,2590
17,2591
6 ,2592
11,2593
12,2594
4 ,2595
7 ,2596
9 ,2597
11,2598
10,2599
9 ,2600
4 ,2601
3 ,2602
3 ,2603
9 ,2604
1 ,2605
3 ,2606
14,2607
2 ,2608
18,2609
11,2610
15,2611
1 ,2612
7 ,2613
6 ,2614
18,2615
17,2616
11,2617
7 ,2618
10,2619
7 ,2620
18,2621
11,2622
4 ,2623
11,2624
8 ,2625
9 ,2626
18,2627
2 ,2628
11,2628
1 ,2629
1 ,2630
18,2631
1 ,2632
3 ,2633
9 ,2634
8 ,2635
6 ,2636
7 ,2637
6 ,2638
2 ,2639
11,2639
2 ,2640
6 ,2641
11,2642
11,2643
1 ,2644
8 ,2645
11,2646
4 ,2647
6 ,2648
6 ,2649
11,2650
11,2651
10,2652
4 ,2652
14,2653
3 ,2654
15,2655
14,2656
7 ,2657
11,2658
16,2659
2 ,2660
15,2661
8 ,2662
1 ,2663
5 ,2664
3 ,2665
3 ,2666
2 ,2667
11,2668
7 ,2669
3 ,2670
14,2671
6 ,2672
6 ,2673
9 ,2674
7 ,2675
9 ,2676
10,2677
6 ,2678
15,2679
9 ,2680
3 ,2681
7 ,2682
7 ,2683
15,2684
3 ,2685
8 ,2686
1 ,2687
11,2688
6 ,2689
6 ,2690
9 ,2691
6 ,2692
16,2693
11,2694
11,2695
2 ,2696
11,2696
1 ,2697
6 ,2698
15,2699
11,2700
11,2701
11,2702
9 ,2703
2 ,2704
4 ,2705
7 ,2706
6 ,2707
1 ,2708
16,2708
5 ,2709
16,2710
12,2711
11,2712
11,2713
1 ,2714
11,2715
15,2716
1 ,2717
11,2718
15,2719
1 ,2720
10,2721
18,2722
8 ,2723
2 ,2724
15,2725
9 ,2726
15,2727
11,2728
2 ,2729
11,2730
8 ,2731
7 ,2732
3 ,2733
6 ,2734
15,2735
11,2736
3 ,2737
6 ,2738
18,2739
9 ,2740
1 ,2741
11,2742
5 ,2743
1 ,2744
4 ,2745
8 ,2746
1 ,2747
11,2748
10,2749
7 ,2750
6 ,2751
15,2752
17,2753
12,2754
16,2755
5 ,2756
1 ,2757
1 ,2758
14,2759
2 ,2760
10,2761
18,2762
6 ,2763
1 ,2764
16,2764
11,2765
1 ,2766
10,2766
7 ,2766
17,2767
12,2768
6 ,2769
6 ,2770
6 ,2771
1 ,2772
16,2773
11,2774
15,2775
4 ,2776
7 ,2776
2 ,2777
18,2778
7 ,2779
7 ,2780
2 ,2781
5 ,2782
7 ,2783
5 ,2784
4 ,2785
18,2786
1 ,2787
17,2788
15,2789
12,2790
18,2791
2 ,2792
15,2793
7 ,2794
8 ,2795
10,2796
7 ,2797
9 ,2798
2 ,2799
10,2800
3 ,2801
9 ,2802
10,2803
7 ,2803
4 ,2804
7 ,2804
4 ,2805
7 ,2805
7 ,2806
13,2807
6 ,2808
1 ,2809
7 ,2809
10,2810
1 ,2811
13,2812
1 ,2813
3 ,2813
16,2813
10,2814
7 ,2814
11,2815
7 ,2816
3 ,2817
7 ,2818
7 ,2819
2 ,2820
3 ,2821
7 ,2822
9 ,2823
2 ,2824
13,2825
12,2826
3 ,2827
2 ,2828
3 ,2829
11,2830
12,2831
18,2832
8 ,2833
16,2834
16,2835
15,2836
4 ,2837
7 ,2838
9 ,2839
9 ,2840
2 ,2841
8 ,2842
4 ,2842
14,2842
13,2843
15,2844
8 ,2845
1 ,2846
1 ,2847
11,2848
6 ,2849
15,2850
13,2851
11,2852
5 ,2853
9 ,2854
9 ,2855
10,2856
15,2857
11,2858
9 ,2859
6 ,2860
9 ,2861
9 ,2862
1 ,2863
16,2864
11,2865
11,2866
6 ,2867
10,2868
11,2869
1 ,2870
6 ,2871
5 ,2872
8 ,2873
5 ,2873
14,2873
11,2874
6 ,2875
5 ,2876
11,2877
6 ,2878
15,2879
4 ,2880
18,2881
11,2882
9 ,2883
1 ,2884
11,2885
3 ,2886
1 ,2887
9 ,2888
10,2889
9 ,2890
4 ,2891
8 ,2892
1 ,2893
4 ,2894
7 ,2895
7 ,2896
9 ,2897
6 ,2898
8 ,2899
1 ,2900
12,2901
16,2902
5 ,2903
6 ,2904
11,2905
2 ,2906
2 ,2907
18,2908
17,2909
8 ,2910
4 ,2910
11,2911
18,2912
3 ,2913
7 ,2914
7 ,2915
11,2916
9 ,2917
9 ,2918
1 ,2919
6 ,2920
1 ,2921
11,2922
12,2923
6 ,2923
1 ,2924
1 ,2925
12,2926
2 ,2927
5 ,2928
8 ,2929
9 ,2930
8 ,2931
6 ,2932
2 ,2933
10,2934
10,2935
5 ,2936
14,2937
14,2938
18,2939
5 ,2940
9 ,2941
3 ,2942
16,2942
13,2943
2 ,2944
5 ,2945
9 ,2946
1 ,2947
4 ,2948
11,2949
11,2950
17,2951
6 ,2952
17,2953
11,2954
9 ,2955
13,2956
4 ,2957
9 ,2958
7 ,2959
1 ,2960
3 ,2961
3 ,2962
4 ,2963
7 ,2963
7 ,2964
5 ,2965
1 ,2966
7 ,2967
18,2968
13,2969
2 ,2970
8 ,2971
11,2972
7 ,2973
6 ,2974
11,2975
13,2976
1 ,2977
3 ,2978
9 ,2979
14,2980
16,2981
8 ,2982
15,2983
18,2984
10,2985
11,2986
10,2987
18,2988
1 ,2989
2 ,2990
11,2991
2 ,2992
9 ,2993
6 ,2994
9 ,2995
5 ,2996
8 ,2997
3 ,2998
8 ,2999
2 ,3000
7 ,3001
6 ,3002
5 ,3003
11,3004
7 ,3005
9 ,3006
11,3007
16,3008
6 ,3009
2 ,3010
11,3010
11,3011
2 ,3012
4 ,3013
14,3014
9 ,3015
6 ,3015
11,3016
2 ,3017
9 ,3018
9 ,3019
1 ,3020
6 ,3021
16,3022
8 ,3023
11,3024
8 ,3025
11,3026
12,3027
15,3028
8 ,3029
11,3030
9 ,3031
2 ,3032
4 ,3033
2 ,3034
2 ,3035
3 ,3036
17,3037
11,3038
17,3039
1 ,3040
15,3041
9 ,3042
11,3043
9 ,3044
6 ,3045
5 ,3046
1 ,3047
6 ,3048
11,3049
15,3050
16,3051
9 ,3052
4 ,3053
15,3054
9 ,3055
17,3056
10,3057
12,3058
7 ,3059
6 ,3060
11,3061
3 ,3062
11,3063
4 ,3064
7 ,3064
11,3065
9 ,3066
5 ,3067
18,3068
11,3069
16,3070
3 ,3071
5 ,3072
9 ,3073
7 ,3074
7 ,3075
18,3076
5 ,3077
5 ,3078
15,3079
9 ,3080
11,3081
2 ,3082
4 ,3083
11,3084
9 ,3085
9 ,3086
14,3087
9 ,3088
6 ,3089
5 ,3090
10,3091
16,3092
17,3093
5 ,3094
3 ,3095
1 ,3096
4 ,3097
2 ,3098
1 ,3099
11,3100
15,3101
2 ,3102
4 ,3103
4 ,3104
7 ,3104
10,3105
3 ,3106
3 ,3107
2 ,3108
5 ,3109
11,3110
11,3111
1 ,3112
11,3113
3 ,3114
5 ,3115
8 ,3116
6 ,3117
11,3118
4 ,3119
5 ,3120
3 ,3121
3 ,3122
2 ,3123
9 ,3124
3 ,3125
15,3126
6 ,3127
18,3128
5 ,3129
11,3130
5 ,3131
2 ,3132
5 ,3133
11,3134
16,3135
1 ,3136
5 ,3137
15,3138
1 ,3139
4 ,3140
18,3141
9 ,3142
11,3143
13,3144
18,3145
8 ,3146
15,3147
9 ,3148
9 ,3149
16,3150
13,3151
11,3152
3 ,3153
6 ,3154
1 ,3155
7 ,3156
11,3157
17,3158
8 ,3159
1 ,3160
11,3161
7 ,3162
3 ,3163
3 ,3164
3 ,3165
7 ,3166
18,3167
16,3168
17,3169
15,3170
3 ,3171
1 ,3172
1 ,3173
18,3174
7 ,3175
11,3176
6 ,3177
11,3178
9 ,3179
14,3180
10,3181
18,3182
1 ,3183
8 ,3184
9 ,3185
2 ,3186
9 ,3187
13,3188
3 ,3189
8 ,3190
1 ,3191
7 ,3192
9 ,3193
3 ,3194
11,3195
6 ,3196
15,3197
9 ,3198
18,3199
7 ,3200
4 ,3201
18,3202
11,3203
3 ,3204
11,3205
17,3206
13,3207
9 ,3208
3 ,3209
17,3210
5 ,3211
1 ,3212
9 ,3213
4 ,3214
7 ,3215
15,3216
6 ,3217
2 ,3218
2 ,3219
11,3219
9 ,3220
10,3221
15,3222
9 ,3223
1 ,3224
9 ,3225
1 ,3226
10,3227
6 ,3228
8 ,3229
9 ,3230
1 ,3231
17,3232
11,3233
14,3234
9 ,3235
13,3236
11,3237
1 ,3238
3 ,3239
1 ,3240
3 ,3241
11,3242
1 ,3243
15,3244
1 ,3245
7 ,3245
5 ,3246
9 ,3247
1 ,3248
8 ,3249
3 ,3250
2 ,3251
2 ,3252
17,3252
11,3253
9 ,3254
8 ,3255
11,3256
5 ,3257
18,3258
9 ,3259
8 ,3260
11,3261
6 ,3262
2 ,3263
7 ,3264
9 ,3265
2 ,3266
14,3267
11,3268
7 ,3269
9 ,3270
9 ,3271
11,3272
18,3273
1 ,3274
18,3275
14,3276
10,3277
15,3278
7 ,3279
2 ,3280
11,3281
2 ,3282
4 ,3283
1 ,3284
18,3285
11,3286
11,3287
4 ,3288
3 ,3289
15,3289
6 ,3290
2 ,3291
3 ,3292
7 ,3293
1 ,3294
7 ,3295
18,3296
9 ,3297
3 ,3298
9 ,3299
3 ,3300
1 ,3301
1 ,3302
3 ,3303
2 ,3304
3 ,3305
11,3306
9 ,3307
8 ,3308
4 ,3308
9 ,3309
11,3310
11,3311
9 ,3312
1 ,3313
11,3314
6 ,3315
11,3316
9 ,3317
6 ,3318
16,3319
2 ,3320
2 ,3321
7 ,3321
10,3322
1 ,3323
17,3324
15,3325
5 ,3326
14,3327
8 ,3328
11,3329
11,3330
11,3331
11,3332
11,3333
11,3334
11,3335
11,3336
11,3337
11,3338
11,3339
11,3340
11,3341
11,3342
11,3343
15,3344
9 ,3345
16,3346
6 ,3347
6 ,3348
9 ,3349
15,3350
11,3351
9 ,3352
15,3353
11,3354
1 ,3355
9 ,3356
1 ,3357
9 ,3358
13,3359
8 ,3360
2 ,3361
17,3362
6 ,3363
6 ,3364
1 ,3365
9 ,3366
18,3367
17,3368
15,3369
14,3370
11,3371
7 ,3372
1 ,3373
4 ,3374
15,3374
6 ,3375
16,3376
9 ,3377
8 ,3378
5 ,3378
4 ,3378
14,3378
11,3379
11,3380
17,3381
1 ,3382
1 ,3383
3 ,3384
8 ,3385
7 ,3386
18,3387
10,3388
11,3389
15,3390
7 ,3391
3 ,3392
12,3393
6 ,3393
11,3394
3 ,3395
11,3396
11,3397
6 ,3398
6 ,3399
2 ,3400
18,3401
11,3402
6 ,3403
3 ,3404
13,3405
13,3406
4 ,3407
10,3408
16,3409
2 ,3410
9 ,3411
7 ,3412
10,3413
9 ,3414
1 ,3415
8 ,3416
15,3417
1 ,3418
6 ,3419
18,3420
14,3421
11,3422
4 ,3423
18,3424
6 ,3425
5 ,3426
14,3427
7 ,3428
15,3429
7 ,3430
18,3431
10,3432
5 ,3433
10,3434
4 ,3434
14,3434
16,3435
11,3436
13,3437
15,3438
4 ,3439
4 ,3440
14,3440
9 ,3441
9 ,3442
17,3443
7 ,3444
18,3445
6 ,3446
15,3447
16,3448
15,3449
15,3450
17,3451
11,3452
1 ,3453
13,3454
18,3455
16,3456
11,3457
11,3458
9 ,3459
10,3460
13,3461
7 ,3462
15,3463
7 ,3464
15,3465
16,3466
17,3467
11,3468
2 ,3469
6 ,3470
9 ,3471
11,3472
5 ,3473
3 ,3474
1 ,3475
13,3476
8 ,3477
1 ,3478
3 ,3478
6 ,3479
4 ,3480
10,3481
9 ,3482
6 ,3483
7 ,3484
3 ,3485
5 ,3486
4 ,3487
16,3488
9 ,3489
11,3490
11,3491
7 ,3492
9 ,3493
9 ,3494
11,3495
8 ,3496
11,3497
9 ,3498
11,3499
9 ,3500
11,3501
18,3502
15,3503
2 ,3504
4 ,3505
9 ,3506
7 ,3507
9 ,3508
7 ,3509
9 ,3510
5 ,3511
7 ,3512
9 ,3513
18,3514
9 ,3515
6 ,3516
1 ,3517
9 ,3518
7 ,3519
18,3520
16,3521
9 ,3522
3 ,3523
3 ,3524
9 ,3525
1 ,3526
3 ,3526
5 ,3527
1 ,3528
1 ,3529
1 ,3530
15,3531
2 ,3532
5 ,3533
2 ,3534
2 ,3535
4 ,3536
3 ,3537
8 ,3538
3 ,3539
17,3540
3 ,3541
13,3542
3 ,3543
1 ,3544
3 ,3545
1 ,3546
11,3547
1 ,3548
4 ,3549
9 ,3550
1 ,3551
1 ,3552
10,3552
15,3553
5 ,3554
8 ,3555
8 ,3556
7 ,3557
7 ,3558
11,3559
11,3560
7 ,3561
10,3562
11,3563
16,3564
18,3565
11,3566
5 ,3567
4 ,3568
8 ,3569
2 ,3570
4 ,3571
13,3572
12,3573
6 ,3573
6 ,3574
11,3575
17,3576
8 ,3577
7 ,3578
9 ,3579
6 ,3580
6 ,3581
1 ,3582
3 ,3583
5 ,3584
13,3585
1 ,3586
13,3587
2 ,3588
3 ,3589
10,3590
2 ,3591
4 ,3592
17,3593
10,3594
3 ,3595
11,3596
12,3597
6 ,3598
11,3599
11,3600
13,3601
8 ,3602
11,3603
15,3604
15,3605
2 ,3606
15,3607
4 ,3608
10,3609
10,3610
6 ,3611
11,3612
11,3613
13,3614
6 ,3615
10,3616
18,3617
3 ,3618
15,3619
6 ,3620
11,3621
1 ,3622
1 ,3623
18,3624
17,3625
11,3625
7 ,3626
3 ,3627
18,3628
6 ,3629
1 ,3630
6 ,3631
6 ,3632
5 ,3633
3 ,3634
9 ,3635
3 ,3636
17,3637
16,3638
11,3639
11,3640
5 ,3641
18,3642
11,3643
15,3644
8 ,3645
2 ,3646
17,3647
15,3648
5 ,3649
4 ,3650
13,3651
15,3652
13,3653
8 ,3654
9 ,3655
3 ,3656
2 ,3657
18,3658
8 ,3659
1 ,3660
4 ,3661
4 ,3662
5 ,3663
1 ,3664
3 ,3665
4 ,3666
2 ,3667
11,3668
6 ,3669
6 ,3670
10,3671
5 ,3672
10,3673
2 ,3674
13,3675
6 ,3676
11,3677
1 ,3678
3 ,3678
18,3679
11,3680
11,3681
4 ,3682
2 ,3683
3 ,3684
11,3685
11,3686
11,3687
3 ,3688
16,3688
16,3689
3 ,3690
9 ,3691
1 ,3692
8 ,3693
16,3694
11,3695
6 ,3696
16,3697
8 ,3698
17,3699
7 ,3700
18,3701
8 ,3702
7 ,3703
11,3704
9 ,3705
11,3706
9 ,3707
8 ,3708
2 ,3709
11,3710
11,3711
2 ,3712
3 ,3713
6 ,3714
6 ,3715
11,3716
2 ,3717
12,3718
18,3719
15,3720
7 ,3721
1 ,3722
18,3723
6 ,3724
1 ,3725
11,3726
18,3727
15,3728
9 ,3729
16,3730
10,3731
5 ,3732
5 ,3733
14,3733
3 ,3734
16,3735
13,3736
18,3737
2 ,3738
11,3739
6 ,3740
11,3741
9 ,3742
2 ,3743
16,3744
11,3745
9 ,3746
7 ,3747
3 ,3748
6 ,3749
14,3750
3 ,3751
2 ,3752
15,3753
7 ,3754
16,3755
7 ,3756
11,3757
2 ,3758
10,3759
5 ,3760
14,3761
3 ,3762
16,3762
13,3763
1 ,3764
1 ,3765
14,3766
13,3767
7 ,3768
18,3769
2 ,3770
3 ,3771
5 ,3772
13,3773
15,3773
6 ,3774
11,3775
16,3776
3 ,3777
6 ,3778
6 ,3779
12,3780
6 ,3781
6 ,3782
11,3783
9 ,3784
8 ,3785
16,3786
1 ,3787
2 ,3788
15,3789
5 ,3790
9 ,3791
11,3792
18,3793
5 ,3794
11,3795
16,3796
14,3797
6 ,3798
18,3799
2 ,3800
10,3801
15,3802
1 ,3803
6 ,3804
7 ,3805
3 ,3806
1 ,3807
5 ,3808
2 ,3809
11,3810
9 ,3811
6 ,3812
9 ,3813
3 ,3814
1 ,3815
7 ,3816
10,3817
1 ,3818
15,3819
14,3820
18,3821
7 ,3822
3 ,3823
14,3824
1 ,3825
9 ,3826
18,3827
16,3828
14,3829
11,3830
15,3831
18,3832
2 ,3833
16,3834
18,3835
6 ,3836
10,3837
16,3838
9 ,3839
16,3840
7 ,3841
15,3842
5 ,3843
5 ,3844
5 ,3845
8 ,3846
7 ,3847
7 ,3848
11,3849
16,3850
15,3851
18,3852
6 ,3853
9 ,3854
7 ,3855
7 ,3856
7 ,3857
3 ,3858
6 ,3859
11,3860
2 ,3861
15,3862
1 ,3863
7 ,3864
11,3865
18,3866
11,3867
10,3868
10,3869
3 ,3870
11,3871
9 ,3872
6 ,3873
1 ,3874
5 ,3875
9 ,3876
12,3877
16,3878
4 ,3879
6 ,3880
1 ,3881
1 ,3882
11,3882
16,3883
11,3884
1 ,3885
9 ,3886
8 ,3887
8 ,3888
10,3889
14,3890
11,3891
7 ,3892
18,3893
4 ,3894
7 ,3894
2 ,3895
4 ,3896
12,3897
7 ,3898
14,3899
10,3900
15,3901
9 ,3902
3 ,3903
10,3904
11,3905
18,3906
1 ,3907
13,3908
8 ,3909
4 ,3910
11,3911
2 ,3912
5 ,3913
18,3914
11,3915
11,3916
2 ,3917
1 ,3918
9 ,3919
6 ,3920
18,3921
2 ,3922
10,3923
14,3924
15,3925
7 ,3926
9 ,3927
4 ,3928
6 ,3929
15,3930
13,3931
15,3932
8 ,3933
10,3934
18,3935
9 ,3936
5 ,3936
18,3937
12,3938
11,3939
1 ,3940
10,3941
13,3942
17,3943
6 ,3943
7 ,3944
14,3945
11,3946
6 ,3947
15,3948
17,3949
1 ,3950
15,3951
11,3952
6 ,3953
11,3954
9 ,3955
11,3956
9 ,3957
4 ,3958
13,3959
1 ,3960
9 ,3961
5 ,3962
4 ,3963
8 ,3964
7 ,3965
1 ,3966
18,3967
9 ,3968
18,3969
5 ,3970
14,3971
1 ,3972
3 ,3973
11,3974
5 ,3975
14,3975
18,3976
1 ,3977
5 ,3978
15,3979
18,3980
6 ,3981
10,3982
13,3983
3 ,3984
7 ,3985
11,3986
1 ,3987
4 ,3988
11,3989
11,3990
6 ,3991
5 ,3992
4 ,3993
7 ,3994
1 ,3995
11,3996
14,3997
9 ,3998
7 ,3999
1 ,4000
11,4001
11,4002
8 ,4003
17,4004
11,4005
1 ,4006
16,4006
1 ,4007
5 ,4008
1 ,4009
15,4010
8 ,4011
9 ,4012
1 ,4013
12,4014
4 ,4015
10,4016
5 ,4017
1 ,4018
10,4019
7 ,4020
7 ,4021
17,4022
12,4023
4 ,4023
7 ,4023
11,4024
15,4025
6 ,4026
15,4027
3 ,4028
14,4029
11,4030
8 ,4031
4 ,4032
1 ,4033
11,4034
9 ,4035
2 ,4036
13,4037
7 ,4038
18,4039
8 ,4040
3 ,4041
3 ,4042
7 ,4043
4 ,4044
6 ,4045
1 ,4046
3 ,4047
1 ,4048
7 ,4048
18,4049
9 ,4050
11,4051
2 ,4052
1 ,4053
5 ,4054
1 ,4055
9 ,4056
9 ,4057
1 ,4058
13,4059
10,4060
4 ,4061
18,4062
3 ,4063
1 ,4064
18,4065
11,4066
6 ,4067
11,4068
18,4069
9 ,4070
12,4071
8 ,4072
6 ,4073
4 ,4074
9 ,4075
5 ,4076
10,4077
5 ,4078
15,4079
12,4080
1 ,4081
6 ,4082
2 ,4083
4 ,4084
2 ,4085
7 ,4086
2 ,4087
7 ,4088
11,4089
9 ,4090
11,4091
7 ,4092
5 ,4093
9 ,4094
11,4095
16,4096
13,4097
9 ,4098
1 ,4099
15,4100
6 ,4101
1 ,4102
15,4103
10,4104
12,4105
12,4106
18,4107
9 ,4108
4 ,4109
18,4110
1 ,4111
1 ,4112
15,4113
11,4114
4 ,4115
7 ,4115
11,4116
15,4117
9 ,4118
9 ,4119
1 ,4120
7 ,4121
8 ,4122
17,4123
11,4124
6 ,4125
6 ,4126
8 ,4127
9 ,4128
1 ,4129
17,4130
2 ,4131
2 ,4132
11,4133
9 ,4134
15,4135
6 ,4136
9 ,4137
3 ,4138
3 ,4139
15,4140
18,4141
12,4142
1 ,4143
11,4144
11,4145
8 ,4146
17,4147
8 ,4148
4 ,4148
7 ,4149
4 ,4150
8 ,4151
15,4152
15,4153
9 ,4154
9 ,4155
11,4156
17,4157
3 ,4158
4 ,4159
11,4160
6 ,4161
8 ,4162
12,4163
3 ,4164
11,4165
9 ,4166
11,4167
1 ,4168
4 ,4169
15,4170
2 ,4171
11,4172
2 ,4173
6 ,4174
8 ,4175
9 ,4176
2 ,4177
13,4178
1 ,4179
17,4180
2 ,4181
11,4182
1 ,4183
7 ,4183
1 ,4184
7 ,4185
15,4186
1 ,4187
14,4188
11,4189
10,4190
3 ,4191
1 ,4192
6 ,4193
14,4194
5 ,4195
5 ,4196
6 ,4197
15,4198
1 ,4199
14,4200
4 ,4201
15,4202
1 ,4203
2 ,4204
9 ,4205
4 ,4206
3 ,4207
15,4208
3 ,4209
8 ,4210
1 ,4211
4 ,4212
6 ,4213
18,4214
1 ,4215
16,4216
11,4217
8 ,4218
17,4219
9 ,4220
11,4221
18,4222
5 ,4223
18,4224
11,4225
9 ,4226
14,4227
15,4228
11,4229
9 ,4230
4 ,4231
9 ,4232
9 ,4233
14,4234
9 ,4235
13,4236
12,4237
13,4238
14,4239
4 ,4240
7 ,4241
15,4242
8 ,4243
1 ,4244
4 ,4245
18,4246
2 ,4247
17,4248
9 ,4249
2 ,4250
4 ,4251
1 ,4252
1 ,4253
7 ,4254
6 ,4255
14,4256
4 ,4257
15,4258
9 ,4259
15,4260
9 ,4261
10,4262
8 ,4263
2 ,4264
3 ,4265
9 ,4266
7 ,4267
11,4268
11,4269
17,4270
5 ,4271
5 ,4272
8 ,4273
2 ,4274
5 ,4275
18,4276
12,4277
2 ,4278
17,4278
18,4279
7 ,4280
1 ,4281
7 ,4282
17,4283
6 ,4284
2 ,4285
13,4286
9 ,4287
18,4288
7 ,4289
18,4290
2 ,4291
17,4292
9 ,4293
18,4294
4 ,4295
8 ,4296
6 ,4297
18,4298
8 ,4299
11,4300
3 ,4301
13,4302
18,4303
11,4304
11,4305
1 ,4306
7 ,4307
7 ,4308
11,4309
6 ,4310
11,4311
2 ,4312
3 ,4313
17,4314
1 ,4315
4 ,4316
17,4317
2 ,4318
11,4319
1 ,4320
11,4321
15,4322
5 ,4323
7 ,4324
10,4325
4 ,4326
11,4327
3 ,4328
9 ,4329
11,4330
1 ,4331
8 ,4332
12,4333
7 ,4334
15,4335
9 ,4336
7 ,4337
7 ,4338
12,4339
4 ,4340
17,4341
11,4342
4 ,4343
9 ,4344
1 ,4345
17,4346
15,4347
14,4348
9 ,4349
11,4350
15,4351
11,4352
12,4353
7 ,4353
9 ,4354
11,4355
4 ,4356
7 ,4356
18,4357
9 ,4358
14,4359
18,4360
6 ,4361
13,4362
10,4363
7 ,4364
1 ,4365
7 ,4366
11,4367
12,4368
18,4369
9 ,4370
11,4371
11,4372
9 ,4373
12,4374
18,4375
11,4376
1 ,4377
15,4378
9 ,4379
9 ,4380
9 ,4381
6 ,4382
11,4383
11,4384
1 ,4385
9 ,4386
18,4387
15,4388
15,4389
17,4390
8 ,4391
15,4392
12,4393
6 ,4394
14,4395
8 ,4396
7 ,4397
7 ,4398
7 ,4399
12,4400
7 ,4400
2 ,4401
9 ,4402
11,4403
3 ,4404
11,4405
1 ,4406
7 ,4407
9 ,4408
11,4409
7 ,4410
3 ,4411
3 ,4412
15,4413
9 ,4414
15,4415
9 ,4416
12,4417
2 ,4418
10,4419
2 ,4420
12,4420
1 ,4421
2 ,4422
6 ,4423
2 ,4424
11,4425
1 ,4426
2 ,4427
4 ,4428
1 ,4429
1 ,4430
11,4431
5 ,4432
7 ,4433
11,4434
15,4435
7 ,4436
8 ,4437
3 ,4438
8 ,4439
3 ,4440
11,4441
1 ,4442
18,4443
1 ,4444
2 ,4445
7 ,4446
9 ,4447
11,4448
18,4449
8 ,4450
8 ,4451
7 ,4452
9 ,4453
14,4454
11,4455
6 ,4456
7 ,4457
5 ,4458
14,4459
11,4460
13,4461
15,4462
6 ,4463
18,4464
7 ,4465
17,4466
9 ,4467
18,4468
9 ,4469
17,4470
6 ,4471
18,4472
17,4473
11,4473
9 ,4474
12,4474
6 ,4474
10,4475
4 ,4475
17,4476
7 ,4477
4 ,4478
13,4479
3 ,4480
18,4481
3 ,4482
15,4483
9 ,4484
7 ,4485
11,4486
9 ,4487
3 ,4488
2 ,4489
5 ,4490
14,4491
7 ,4492
6 ,4493
11,4494
6 ,4495
14,4496
6 ,4497
15,4498
3 ,4499
16,4500
14,4501
3 ,4502
1 ,4503
9 ,4504
11,4505
10,4506
5 ,4507
15,4508
11,4509
10,4510
7 ,4511
15,4512
11,4513
11,4514
1 ,4515
14,4516
3 ,4517
11,4518
5 ,4519
15,4520
4 ,4521
2 ,4522
1 ,4523
3 ,4524
11,4525
18,4526
6 ,4527
11,4528
9 ,4529
14,4530
1 ,4531
7 ,4532
18,4533
1 ,4534
16,4534
6 ,4535
4 ,4536
7 ,4536
5 ,4537
7 ,4538
14,4539
9 ,4540
4 ,4541
6 ,4542
4 ,4543
14,4544
6 ,4545
18,4546
9 ,4547
1 ,4548
15,4549
7 ,4550
1 ,4551
12,4552
4 ,4553
11,4554
2 ,4555
11,4556
5 ,4557
9 ,4558
3 ,4559
9 ,4560
3 ,4561
7 ,4562
11,4563
1 ,4564
11,4565
4 ,4566
16,4567
11,4568
17,4569
18,4570
2 ,4571
11,4572
11,4573
1 ,4574
8 ,4575
1 ,4576
1 ,4577
7 ,4577
9 ,4578
10,4579
16,4580
6 ,4581
10,4582
1 ,4583
11,4584
18,4585
6 ,4586
16,4587
1 ,4588
3 ,4589
15,4590
16,4591
2 ,4592
3 ,4593
14,4594
3 ,4595
6 ,4596
15,4597
10,4598
15,4599
6 ,4600
9 ,4601
6 ,4602
9 ,4603
9 ,4604
9 ,4605
3 ,4606
9 ,4607
16,4608
9 ,4609
16,4610
15,4611
10,4612
11,4613
3 ,4614
11,4615
3 ,4616
8 ,4617
2 ,4618
2 ,4619
4 ,4620
9 ,4621
6 ,4622
11,4623
17,4624
2 ,4625
11,4625
1 ,4626
16,4626
1 ,4627
7 ,4628
15,4629
9 ,4630
2 ,4631
16,4632
3 ,4633
3 ,4634
11,4635
18,4636
13,4637
3 ,4638
7 ,4639
9 ,4640
1 ,4641
1 ,4642
6 ,4643
13,4644
18,4645
10,4646
11,4647
9 ,4648
1 ,4649
7 ,4649
9 ,4650
11,4651
3 ,4652
1 ,4653
1 ,4654
2 ,4655
2 ,4656
4 ,4657
10,4658
2 ,4659
11,4660
18,4660
11,4661
14,4662
4 ,4663
5 ,4664
11,4665
2 ,4666
11,4667
9 ,4668
18,4669
7 ,4670
2 ,4671
3 ,4672
18,4673
9 ,4674
2 ,4675
6 ,4676
1 ,4677
3 ,4678
9 ,4679
7 ,4680
9 ,4681
11,4682
5 ,4683
1 ,4684
2 ,4685
11,4686
3 ,4687
11,4688
8 ,4689
9 ,4690
12,4691
2 ,4692
11,4693
3 ,4694
10,4695
11,4696
15,4697
6 ,4698
1 ,4699
1 ,4700
2 ,4701
2 ,4702
2 ,4703
11,4704
11,4705
18,4706
11,4707
8 ,4708
11,4709
9 ,4710
11,4711
7 ,4712
5 ,4713
7 ,4714
6 ,4715
16,4716
12,4717
6 ,4718
16,4719
7 ,4720
18,4721
8 ,4722
1 ,4723
9 ,4724
9 ,4725
10,4726
11,4727
11,4728
4 ,4729
14,4730
2 ,4731
11,4731
6 ,4732
11,4733
6 ,4734
1 ,4735
16,4735
7 ,4736
9 ,4737
7 ,4738
18,4739
11,4740
11,4741
4 ,4742
5 ,4743
11,4744
8 ,4745
6 ,4746
15,4747
7 ,4748
18,4749
9 ,4750
9 ,4751
16,4752
1 ,4753
1 ,4754
16,4754
7 ,4755
18,4756
7 ,4757
9 ,4758
3 ,4759
15,4760
12,4761
12,4762
11,4763
5 ,4764
9 ,4765
6 ,4766
1 ,4767
14,4768
13,4769
12,4770
6 ,4770
15,4771
10,4772
16,4773
9 ,4774
3 ,4775
9 ,4776
12,4777
18,4778
13,4779
7 ,4780
15,4781
11,4782
11,4783
7 ,4784
7 ,4785
18,4786
11,4787
11,4788
10,4789
1 ,4790
18,4791
9 ,4792
1 ,4793
18,4794
6 ,4795
15,4796
12,4797
2 ,4798
1 ,4799
2 ,4800
9 ,4801
2 ,4802
11,4803
13,4804
11,4805
13,4806
13,4807
6 ,4808
4 ,4809
10,4810
13,4811
10,4812
15,4812
9 ,4813
11,4814
1 ,4815
14,4816
16,4817
11,4818
7 ,4819
7 ,4820
11,4821
11,4822
3 ,4823
11,4824
4 ,4825
13,4826
9 ,4827
15,4828
12,4829
14,4830
18,4831
6 ,4832
1 ,4833
11,4834
11,4835
3 ,4836
15,4837
6 ,4838
11,4839
11,4840
8 ,4841
2 ,4842
1 ,4843
6 ,4844
11,4845
7 ,4846
10,4847
15,4848
13,4849
4 ,4850
4 ,4851
5 ,4852
1 ,4853
12,4854
1 ,4855
14,4856
4 ,4857
1 ,4858
14,4859
1 ,4860
11,4861
7 ,4862
5 ,4863
5 ,4864
7 ,4865
8 ,4866
4 ,4867
18,4868
1 ,4869
1 ,4870
1 ,4871
5 ,4872
12,4873
15,4874
11,4875
18,4876
3 ,4877
6 ,4878
18,4879
4 ,4880
9 ,4881
11,4882
7 ,4883
17,4884
18,4884
2 ,4885
9 ,4886
18,4887
6 ,4888
15,4889
8 ,4890
1 ,4891
6 ,4892
6 ,4893
7 ,4894
5 ,4895
14,4895
12,4896
7 ,4897
12,4898
2 ,4899
12,4899
16,4900
3 ,4901
11,4902
11,4903
1 ,4904
18,4905
9 ,4906
1 ,4907
1 ,4908
11,4909
5 ,4910
1 ,4911
5 ,4912
8 ,4913
9 ,4914
15,4915
15,4916
11,4917
1 ,4918
9 ,4919
16,4920
15,4921
6 ,4922
13,4923
11,4924
1 ,4925
14,4926
9 ,4927
6 ,4928
7 ,4929
11,4930
9 ,4931
6 ,4932
4 ,4933
1 ,4934
3 ,4934
1 ,4935
7 ,4936
2 ,4937
11,4938
18,4939
3 ,4940
11,4941
11,4942
5 ,4943
9 ,4944
11,4945
8 ,4946
8 ,4947
2 ,4948
6 ,4948
11,4949
12,4950
18,4951
18,4952
8 ,4953
7 ,4954
6 ,4955
1 ,4956
18,4957
13,4958
6 ,4959
18,4960
10,4961
15,4962
9 ,4963
11,4964
18,4965
11,4966
13,4967
11,4968
2 ,4969
7 ,4970
11,4971
6 ,4972
9 ,4973
11,4974
14,4975
1 ,4976
7 ,4977
16,4978
13,4979
18,4980
9 ,4981
11,4982
2 ,4983
2 ,4984
9 ,4985
1 ,4986
18,4987
7 ,4988
1 ,4989
1 ,4990
11,4991
2 ,4992
2 ,4993
3 ,4994
15,4995
11,4996
7 ,4997
1 ,4998
3 ,4999
6 ,5000
2 ,5001
9 ,5002
6 ,5003
7 ,5004
2 ,5005
12,5005
9 ,5006
2 ,5007
1 ,5008
12,5009
3 ,5010
3 ,5011
2 ,5012
7 ,5013
18,5014
16,5015
9 ,5016
11,5017
10,5018
11,5019
13,5020
15,5020
15,5021
15,5022
11,5023
6 ,5024
2 ,5025
3 ,5026
7 ,5027
9 ,5028
11,5029
9 ,5030
9 ,5031
11,5032
6 ,5033
11,5034
16,5035
16,5036
3 ,5037
9 ,5038
18,5039
3 ,5040
2 ,5041
11,5042
17,5043
4 ,5044
10,5045
9 ,5046
17,5047
1 ,5048
16,5048
1 ,5049
1 ,5050
12,5051
2 ,5052
7 ,5053
15,5054
1 ,5055
15,5056
15,5057
9 ,5058
11,5059
2 ,5060
9 ,5061
9 ,5062
15,5063
1 ,5064
18,5065
16,5066
17,5067
9 ,5068
17,5069
4 ,5070
1 ,5071
9 ,5072
11,5073
1 ,5074
11,5075
17,5076
10,5077
11,5078
8 ,5079
2 ,5080
7 ,5081
11,5082
11,5083
4 ,5084
5 ,5085
7 ,5086
4 ,5087
7 ,5087
7 ,5088
5 ,5089
5 ,5090
5 ,5091
6 ,5092
11,5093
2 ,5094
7 ,5095
1 ,5096
6 ,5097
13,5098
13,5099
9 ,5100
9 ,5101
6 ,5102
17,5103
8 ,5104
3 ,5105
7 ,5106
3 ,5107
10,5108
11,5109
9 ,5110
5 ,5111
4 ,5112
2 ,5113
4 ,5114
7 ,5114
10,5115
11,5116
18,5117
9 ,5118
2 ,5119
2 ,5120
9 ,5121
6 ,5122
3 ,5123
3 ,5124
9 ,5125
1 ,5126
9 ,5127
4 ,5128
2 ,5129
15,5130
2 ,5131
15,5132
7 ,5133
11,5134
9 ,5135
5 ,5136
1 ,5137
11,5138
3 ,5139
1 ,5140
11,5141
4 ,5142
2 ,5143
7 ,5144
13,5145
17,5146
6 ,5147
9 ,5148
11,5149
18,5150
7 ,5151
6 ,5152
1 ,5153
3 ,5154
1 ,5155
11,5156
15,5157
11,5158
6 ,5159
1 ,5160
5 ,5161
11,5162
1 ,5163
11,5164
18,5165
9 ,5166
15,5167
10,5168
4 ,5168
7 ,5169
14,5170
11,5171
15,5172
17,5173
1 ,5174
8 ,5175
9 ,5176
5 ,5177
18,5178
9 ,5179
4 ,5180
11,5181
6 ,5182
11,5183
15,5184
11,5185
17,5186
8 ,5187
3 ,5188
11,5189
2 ,5190
18,5191
14,5192
9 ,5193
5 ,5194
9 ,5195
5 ,5196
11,5197
1 ,5198
2 ,5199
7 ,5200
13,5201
11,5202
6 ,5203
12,5204
9 ,5205
11,5206
18,5207
1 ,5208
10,5208
15,5208
9 ,5209
11,5210
2 ,5211
9 ,5212
4 ,5213
